{
    "loss": 2.7909977436065674,
    "accuracy": 0.681034505367279
}